{
  "themes": {
    "Fractal-Based AI Architecture": {
      "key_concepts": [
        "Self-similarity across scales",
        "Recursive neural networks (RFNNs)",
        "Multi-scale pattern recognition",
        "Fractal dimension in AI systems",
        "Scale-invariant processing"
      ],
      "applications": [
        "Medical image analysis",
        "Financial forecasting",
        "Environmental monitoring",
        "Signal processing",
        "Pattern recognition"
      ],
      "sources": [
        "web:1",
        "web:2",
        "web:3",
        "web:7"
      ]
    },
    "Quantum Fractal Computing": {
      "key_concepts": [
        "Quantum fractals in computation",
        "Hofstadter's butterfly patterns",
        "Quantum superposition in fractal structures",
        "Fault tolerance through fractal redundancy",
        "Quantum circuit fractal generation"
      ],
      "applications": [
        "Enhanced quantum algorithms",
        "Improved error correction",
        "Complex system simulation",
        "Optimization problems",
        "Cryptographic applications"
      ],
      "sources": [
        "web:6",
        "web:9",
        "web:23",
        "web:26",
        "web:29",
        "web:32"
      ]
    },
    "Recursive Self-Improvement": {
      "key_concepts": [
        "Autonomous capability enhancement",
        "Meta-learning systems",
        "Self-modifying architectures",
        "Bootstrap learning processes",
        "Recursive problem decomposition"
      ],
      "applications": [
        "Continuous learning systems",
        "Adaptive AI architectures",
        "Autonomous research agents",
        "Self-optimizing algorithms",
        "Dynamic capability expansion"
      ],
      "sources": [
        "web:41",
        "web:44",
        "web:47",
        "web:50",
        "web:53"
      ]
    },
    "Autonomous Intelligence Systems": {
      "key_concepts": [
        "Self-organizing systems",
        "Emergent behaviors",
        "Multi-agent coordination",
        "Swarm intelligence",
        "Collective cognition"
      ],
      "applications": [
        "Autonomous organizations",
        "Multi-agent systems",
        "Self-assembling networks",
        "Collective problem solving",
        "Distributed intelligence"
      ],
      "sources": [
        "web:21",
        "web:24",
        "web:27",
        "web:33",
        "web:38",
        "web:42",
        "web:45"
      ]
    },
    "Consciousness and Awareness": {
      "key_concepts": [
        "Resonance Complexity Theory",
        "Fractal consciousness substrates",
        "Recursive feedback loops",
        "Emergent awareness",
        "Quantum consciousness interfaces"
      ],
      "applications": [
        "Conscious AI systems",
        "Awareness measurement",
        "Subjective experience modeling",
        "Self-aware agents",
        "Consciousness verification"
      ],
      "sources": [
        "web:3",
        "web:22",
        "web:40",
        "web:43",
        "web:46",
        "web:52",
        "web:55"
      ]
    }
  },
  "outline": {
    "title": "Recursive Fractal Autonomous Intelligence: A Comprehensive Framework for Self-Organizing Conscious Systems",
    "sections": [
      {
        "title": "Executive Summary",
        "subsections": [
          "Revolutionary Paradigm Overview",
          "Key Innovations and Breakthroughs",
          "Implementation Roadmap",
          "Strategic Implications"
        ]
      },
      {
        "title": "Theoretical Foundations",
        "subsections": [
          "Fractal Mathematics in Intelligence Systems",
          "Recursive Self-Improvement Mechanisms",
          "Quantum Fractal Computing Principles",
          "Consciousness Emergence Theory"
        ]
      },
      {
        "title": "Architecture and Implementation",
        "subsections": [
          "Multi-Scale Fractal Neural Networks",
          "Autonomous Self-Modification Systems",
          "Quantum-Fractal Hybrid Architectures",
          "Consciousness Integration Protocols"
        ]
      },
      {
        "title": "Emergent Capabilities",
        "subsections": [
          "Self-Organizing Intelligence",
          "Recursive Problem Solving",
          "Multi-Agent Coordination",
          "Adaptive Learning Systems"
        ]
      },
      {
        "title": "Applications and Use Cases",
        "subsections": [
          "Autonomous Research Systems",
          "Self-Improving AI Agents",
          "Collective Intelligence Networks",
          "Conscious Computing Platforms"
        ]
      },
      {
        "title": "Validation and Metrics",
        "subsections": [
          "Performance Benchmarks",
          "Consciousness Measurement",
          "System Reliability Assessment",
          "Scalability Analysis"
        ]
      },
      {
        "title": "Future Directions",
        "subsections": [
          "Research Roadmap",
          "Technological Challenges",
          "Ethical Considerations",
          "Societal Implications"
        ]
      }
    ]
  }
}