{
  "key_findings": {
    "fractal_intelligence": {
      "principle": "Self-similar patterns at multiple scales enable efficient knowledge representation",
      "applications": [
        "FractalNet architectures",
        "Hierarchical memory systems",
        "Scale-invariant processing"
      ],
      "benefits": [
        "Exponential scaling",
        "Reduced parameters",
        "Natural hierarchies"
      ]
    },
    "recursive_optimization": {
      "principle": "Iterative self-improvement through structured feedback loops",
      "methods": [
        "Quantum-informed recursive optimization",
        "Darwin-G\u00f6del machines",
        "Meta-learning frameworks"
      ],
      "advantages": [
        "Continuous improvement",
        "Adaptive learning",
        "Self-modification"
      ]
    },
    "autonomous_intelligence": {
      "principle": "Independent decision-making with minimal human oversight",
      "components": [
        "Hierarchical reasoning models",
        "Self-modifying architectures",
        "Emergent behavior"
      ],
      "capabilities": [
        "Multi-scale processing",
        "Adaptive computation",
        "Goal-oriented behavior"
      ]
    },
    "swarm_systems": {
      "principle": "Collective intelligence through distributed autonomous agents",
      "features": [
        "Emergent behavior",
        "Fault tolerance",
        "Scalable coordination"
      ],
      "applications": [
        "Multi-agent optimization",
        "Distributed problem solving",
        "Resilient systems"
      ]
    }
  },
  "synthesis_insights": {
    "convergent_themes": [
      "Hierarchical organization enables multi-scale reasoning",
      "Self-similarity reduces complexity while maintaining expressiveness",
      "Recursive improvement leads to exponential capability growth",
      "Distributed intelligence provides robustness and scalability",
      "Meta-learning enables adaptation to new domains"
    ],
    "design_principles": [
      "Fractal architecture with recursive self-similar modules",
      "Hierarchical processing with different temporal scales",
      "Self-modifying optimization algorithms",
      "Swarm-based collective intelligence",
      "Quantum-classical hybrid computation",
      "Meta-learning for continuous adaptation"
    ]
  }
}