{
  "system_info": {
    "fractal_depth": 4,
    "base_dimensions": 64,
    "swarm_size": 12,
    "quantum_enabled": true,
    "total_parameters": 37440
  },
  "task_results": 5,
  "performance_analysis": {
    "initial_avg_performance": 0.1529780350687192,
    "final_evolved_performance": 0.32482761092453893,
    "total_improvement": 0.17184957585581973,
    "improvement_percentage": 112.3361113761353,
    "performance_stability": 0.021733522430227258
  },
  "evolution_trajectory": [
    {
      "iteration": 1,
      "performance": 0.1806124113153631,
      "architecture_changes": 0,
      "parameter_count": 37440,
      "improvement_rate": 0.02763437624664388
    },
    {
      "iteration": 2,
      "performance": 0.19803779097011864,
      "architecture_changes": 0,
      "parameter_count": 37458,
      "improvement_rate": 0.01742537965475554
    },
    {
      "iteration": 3,
      "performance": 0.21693724724078078,
      "architecture_changes": 0,
      "parameter_count": 37507,
      "improvement_rate": 0.01889945627066213
    },
    {
      "iteration": 4,
      "performance": 0.2332949292284465,
      "architecture_changes": 0,
      "parameter_count": 37518,
      "improvement_rate": 0.0163576819876657
    },
    {
      "iteration": 5,
      "performance": 0.24272984798625902,
      "architecture_changes": 0,
      "parameter_count": 37596,
      "improvement_rate": 0.009434918757812518
    },
    {
      "iteration": 6,
      "performance": 0.26011995407398997,
      "architecture_changes": 1,
      "parameter_count": 37561,
      "improvement_rate": 0.017390106087730967
    },
    {
      "iteration": 7,
      "performance": 0.2796638297341204,
      "architecture_changes": 0,
      "parameter_count": 37265,
      "improvement_rate": 0.01954387566013043
    },
    {
      "iteration": 8,
      "performance": 0.2940782780369517,
      "architecture_changes": 0,
      "parameter_count": 37250,
      "improvement_rate": 0.014414448302831267
    },
    {
      "iteration": 9,
      "performance": 0.3025618921307137,
      "architecture_changes": 1,
      "parameter_count": 37358,
      "improvement_rate": 0.008483614093762016
    },
    {
      "iteration": 10,
      "performance": 0.32482761092453893,
      "architecture_changes": 2,
      "parameter_count": 37411,
      "improvement_rate": 0.0222657187938252
    }
  ],
  "agent_specialization": {
    "pattern_recognition": {
      "count": 2,
      "avg_completion": 0.43078028730221296,
      "avg_efficiency": 0.3877474599434928
    },
    "optimization": {
      "count": 2,
      "avg_completion": 0.34161427325616156,
      "avg_efficiency": 0.46982922223046375
    },
    "memory_management": {
      "count": 2,
      "avg_completion": 0.5958743254371077,
      "avg_efficiency": 0.5439836147395648
    },
    "goal_planning": {
      "count": 2,
      "avg_completion": 0.4337646847191586,
      "avg_efficiency": 0.49477594312774087
    },
    "resource_allocation": {
      "count": 1,
      "avg_completion": 0.5335067415952123,
      "avg_efficiency": 0.3842839990443131
    },
    "conflict_resolution": {
      "count": 1,
      "avg_completion": 0.4860369255335081,
      "avg_efficiency": 0.4623452668450465
    },
    "learning_coordination": {
      "count": 1,
      "avg_completion": 0.5175841893207129,
      "avg_efficiency": 0.41018855186492387
    },
    "emergent_behavior_detection": {
      "count": 1,
      "avg_completion": 0.31676831120079046,
      "avg_efficiency": 0.4324823010842105
    }
  }
}