Category,Item,Description,Purpose,Estimated Cost,Vendor/Source,Priority
Hardware,High-Performance Computing Cluster,Multi-node cluster with GPUs for parallel processing,Quantum-inspired simulations and neural network training,$500000-$2000000,NVIDIA/AMD/Intel,Critical
Hardware,Quantum Computing Access,Access to quantum computers or quantum simulators,Testing quantum-inspired algorithms,$50000-$200000/year,IBM Quantum/Google Quantum AI/Rigetti,High
Hardware,Neuromorphic Computing Hardware,Specialized chips for brain-inspired computing,NSRP layer implementation,$100000-$500000,Intel Loihi/SpiNNaker/BrainChip,Medium
Hardware,High-Memory Servers,Servers with large RAM capacity for complex data structures,Managing n-dimensional data and recursive partitioning,$50000-$200000,Dell/HPE/Lenovo,High
Software,TensorFlow/PyTorch,Deep learning frameworks,Neural network components of NSRP,$0 (Open Source),Google/Meta,Critical
Software,Qiskit/Cirq,Quantum computing frameworks,Quantum-inspired algorithm development,$0 (Open Source),IBM/Google,Critical
Software,PennyLane,Quantum machine learning library,Hybrid quantum-classical algorithms,$0 (Open Source),Xanadu,High
Software,NetworkX,Graph analysis library,Causal graph building in NSRP,$0 (Open Source),Python Community,High
Software,SWI-Prolog/Clingo,Logic programming languages,Symbolic reasoning in NSRP,$0 (Open Source),SWI-Prolog/Potassco,High
Software,Ray/Dask,Distributed computing frameworks,Managing recursive sub-clusters,$0 (Open Source),Anyscale/Anaconda,High
Software,Docker/Kubernetes,Containerization and orchestration,Scalable deployment and management,$0 (Open Source),Docker Inc./CNCF,Medium
Software,Apache Kafka,Streaming data platform,Real-time data flow between layers,$0 (Open Source),Apache Foundation,Medium
Software,Neo4j/ArangoDB,Graph databases,Storing and querying causal graphs,$0-$50000/year,Neo4j Inc./ArangoDB,Medium
Software,Weights & Biases/MLflow,ML experiment tracking,Monitoring MCSG performance metrics,$0-$20000/year,W&B/Databricks,Medium
Software,Jupyter/JupyterLab,Interactive development environment,Research and prototyping,$0 (Open Source),Project Jupyter,Low
Programming Languages,Python,Primary programming language,Core development and AI libraries,$0 (Open Source),Python Software Foundation,Critical
Programming Languages,Julia,High-performance scientific computing,Quantum-inspired algorithms and simulations,$0 (Open Source),Julia Computing,High
Programming Languages,Rust,Systems programming language,Performance-critical components,$0 (Open Source),Rust Foundation,Medium
Programming Languages,Haskell,Functional programming language,Symbolic reasoning and formal verification,$0 (Open Source),Haskell Foundation,Medium
Cloud Services,AWS/Azure/GCP,Cloud computing platforms,Scalable infrastructure and services,$10000-$100000/month,Amazon/Microsoft/Google,High
Cloud Services,IBM Quantum Network,Quantum cloud services,Access to quantum computers and simulators,$Variable,IBM,High
Cloud Services,Multiverse Computing,Quantum-inspired AI services,Specialized quantum AI algorithms,$Variable,Multiverse Computing,Medium
Databases,PostgreSQL,Relational database,Structured data storage,$0 (Open Source),PostgreSQL Global Development Group,Medium
Databases,MongoDB,Document database,Flexible data storage for dynamic schemas,$0-$10000/year,MongoDB Inc.,Medium
Databases,Redis,In-memory data store,High-speed caching and data structures,$0 (Open Source),Redis Ltd.,Medium
Development Tools,Git/GitHub,Version control system,Code management and collaboration,$0-$5000/year,GitHub Inc.,Critical
Development Tools,Visual Studio Code,Code editor,Development environment,$0 (Open Source),Microsoft,Medium
Development Tools,PyCharm,Python IDE,Advanced Python development,$0-$2000/year,JetBrains,Medium
Monitoring Tools,Prometheus/Grafana,Monitoring and visualization,System performance monitoring,$0 (Open Source),Prometheus/Grafana Labs,Medium
Monitoring Tools,ELK Stack,Log analysis platform,System logging and debugging,$0 (Open Source),Elastic,Medium
Testing Tools,pytest,Python testing framework,Unit and integration testing,$0 (Open Source),pytest-dev,High
Testing Tools,Hypothesis,Property-based testing,Advanced testing for complex algorithms,$0 (Open Source),Hypothesis Project,Medium
Simulation Tools,SUMO,Traffic simulation,Testing FRCL in complex environments,$0 (Open Source),Eclipse Foundation,Low
Simulation Tools,OpenAI Gym,Reinforcement learning environments,Testing adaptive learning capabilities,$0 (Open Source),OpenAI,Medium
Visualization Tools,Matplotlib/Plotly,Data visualization libraries,Visualizing FRCL behavior and performance,$0 (Open Source),Matplotlib/Plotly,Medium
Visualization Tools,Graphviz,Graph visualization,Visualizing neural networks and causal graphs,$0 (Open Source),Graphviz,Medium
Documentation Tools,Sphinx,Documentation generator,Technical documentation,$0 (Open Source),Sphinx Team,Medium
Documentation Tools,MkDocs,Static site generator,Project documentation websites,$0 (Open Source),MkDocs,Low
Communication Tools,Slack/Discord,Team communication,Project coordination,$0-$1000/month,Slack/Discord,Medium
Communication Tools,Zoom/Teams,Video conferencing,Remote collaboration,$0-$500/month,Zoom/Microsoft,Medium
Project Management,Jira/Trello,Project management tools,Task tracking and project organization,$0-$2000/month,Atlassian,Medium
Project Management,Confluence,Wiki and documentation,Knowledge management,$0-$1000/month,Atlassian,Low
Security Tools,HashiCorp Vault,Secrets management,Secure credential storage,$0-$5000/year,HashiCorp,Medium
Security Tools,OWASP ZAP,Security testing,Application security testing,$0 (Open Source),OWASP,Medium
Specialized Libraries,NetworkX,Graph theory library,Network analysis for NSRP,$0 (Open Source),NetworkX Developers,High
Specialized Libraries,scikit-learn,Machine learning library,Classical ML algorithms,$0 (Open Source),scikit-learn,High
Specialized Libraries,NumPy/SciPy,Scientific computing,Mathematical operations and algorithms,$0 (Open Source),NumPy/SciPy,Critical
Specialized Libraries,Pandas,Data manipulation library,Data preprocessing and analysis,$0 (Open Source),Pandas Development Team,High
Specialized Libraries,SymPy,Symbolic mathematics,Symbolic computation for NSRP,$0 (Open Source),SymPy Development Team,Medium
Research Access,arXiv,Academic paper repository,Research literature access,$0,Cornell University,High
Research Access,IEEE Xplore,Technical literature database,Engineering and computer science papers,$0-$5000/year,IEEE,High
Research Access,ACM Digital Library,Computer science literature,AI and computing research,$0-$3000/year,ACM,Medium
Consulting Services,AI Research Consultants,Expert advisory services,Technical guidance and validation,$50000-$200000,Various,High
Consulting Services,Quantum Computing Experts,Specialized consulting,Quantum algorithm development,$30000-$100000,Various,Medium
Consulting Services,Ethics Review Board,AI ethics consultation,Ethical oversight and guidance,$10000-$50000,Various,Medium
Training/Education,Online Courses,Specialized training programs,Team skill development,$5000-$20000,Coursera/edX/Udacity,Medium
Training/Education,Conference Attendance,AI/ML conferences,Knowledge sharing and networking,$10000-$30000/year,Various,Medium
Training/Education,Workshop Participation,Hands-on training sessions,Practical skill development,$5000-$15000,Various,Low

