Phase,Task,Description,Estimated Duration,Dependencies,Key Challenges,Resources Required
Conceptual Design,Define FRCL Architecture,Outline the overall structure and interaction of QECS, NSRP, and MCSG layers,4 weeks,FRCL Analysis Document,Translating abstract concepts into concrete design,Expert AI Architects, Cognitive Scientists
QECS Design,Conceptualize Quantum-Inspired Data Representation,Model how n-dimensional data is represented using quantum-inspired principles,8 weeks,Conceptual Design,Scalability of quantum-inspired models,Quantum Computing Researchers, Data Scientists
QECS Design,Design Probabilistic Inference Mechanisms,Develop algorithms for pre-cognitive probabilistic inference and emergent intuition,10 weeks,QECS Data Representation,Real-time probabilistic inference,AI/ML Engineers, Probabilistic Modeling Experts
QECS Design,Model Non-Linear Data Fusion,Design methods for integrating diverse, high-dimensional data sources,8 weeks,QECS Data Representation,Data fusion complexity,Data Engineers, Algorithm Developers
QECS Design,Specify Recursive Partitioning,Detail how quantum states are recursively partitioned for fractal micro-contexts,6 weeks,QECS Data Representation,Managing fractal instances,Theoretical Physicists, Mathematicians
NSRP Design,Design Neuro-Symbolic Integration,Propose framework for integrating neural networks and symbolic reasoning,12 weeks,QECS Design,Seamless neuro-symbolic integration,Neuro-Symbolic AI Researchers, Software Architects
NSRP Design,Outline Hypothesis Refinement and Causal Graph Building,Develop mechanisms for iterative hypothesis refinement and causal inference,10 weeks,NSRP Integration,Recursive hypothesis refinement,Knowledge Representation Experts, AI/ML Engineers
NSRP Design,Specify Adaptive Rule Generation,Define how rules emerge and evolve through neural plasticity and symbolic reasoning,8 weeks,NSRP Integration,Adaptive rule generation,Machine Learning Researchers, Cognitive Scientists
NSRP Design,Model Dynamic Sub-cluster Spawning,Illustrate recursive spawning of self-similar sub-clusters for concept formation,6 weeks,NSRP Integration,Managing dynamic sub-clusters,Distributed Systems Engineers, AI Architects
MCSG Design,Conceptualize Self-Monitoring and Evaluation,Propose mechanisms for MCSG to observe and evaluate QECS and NSRP performance,10 weeks,QECS Design, NSRP Design,Defining and measuring "learning how to learn",Metacognition Researchers, AI Ethics Experts
MCSG Design,Design Cognitive Resource Optimization,Outline strategies for dynamic allocation of computational resources,8 weeks,MCSG Self-Monitoring,Cognitive resource allocation,Optimization Specialists, Systems Engineers
MCSG Design,Specify Learning-to-Learn Mechanisms,Detail how MCSG identifies and adapts optimal learning strategies,12 weeks,MCSG Self-Monitoring,Learning how to learn,AI Control Theorists, Machine Learning Researchers
MCSG Design,Model Self-Reflection and Schema Expansion,Describe how MCSG generates self-referential models for self-improvement,10 weeks,MCSG Self-Monitoring,Self-modeling and self-reference,Philosophers of AI, Advanced AI Researchers
Simulation/Prototyping,Develop Simulation Environment,Build a platform for abstract simulations or proof-of-concept implementations,16 weeks,All Layer Designs,Computational infrastructure,Software Engineers, Cloud Architects
Simulation/Prototyping,Implement Key Functionalities,Code and test core algorithms for each layer in the simulation environment,20 weeks,Simulation Environment,Testing and validation,AI/ML Engineers, Software Developers
Documentation,Produce Comprehensive Documentation,Write detailed reports on design, algorithms, and simulation results,Ongoing,All Phases,Clarity and completeness,Technical Writers, Researchers
Project Management,Coordination and Oversight,Manage project timelines, resources, and inter-team communication,Ongoing,All Phases,Complex project coordination,Project Managers, Team Leads
Ethical Review,Assess Ethical Implications,Regularly review and address ethical considerations related to advanced AI,Ongoing,All Phases,Ensuring alignment with human values,AI Ethicists, Legal Experts


